,album_name,artist_name,danceability,energy,key,loudness,mode,acousticness,instrumentalness,liveness,valence,tempo,duration_ms,time_signature,genre,rating
0,My Story Got Stories,Bruiser Wolf,0.5416943879383606,0.7407374455009995,4.19182812849652,-8.432600853870797,0.9273286576044928,0.22573657461609448,0.04104360557077935,0.4342499732918078,0.5885272569961175,107.75207108643652,167367.33013084155,4.0,rap,6.1
1,American Dream,21 Savage,0.6796525373172196,0.6884241388738384,4.0246328869588615,-6.371388110434868,0.3920854411015044,0.182970121760647,0.00595003465669293,0.29894951438289924,0.37221506296013274,137.82926780899274,214501.975439222,4.021170655527168,rap,6.8
2,Love Drug,Starlito,0.590578005543899,0.55554924206218,6.421604283437719,-10.492039460715567,0.5058643421359837,0.17657961167634786,0.0012892149228507987,0.25863730473738555,0.3918823766529453,105.83985835400412,187702.7551964261,4.065149432996072,rap,7.4
3,Palermo,Conway the Machine,0.6024335074100631,0.5355168425353264,7.2490481144324015,-12.013519952337132,0.37660411718777226,0.4662071377143921,0.044860248386706894,0.1401023847004276,0.443475173118974,106.27028580739547,159228.38118799767,4.0,rap,6.6
4,Dog Days,Lerado Khalil ,0.553414807243822,0.6480242063126929,7.297958016442049,-7.809288504401118,0.3793209363719591,0.2038950924542528,0.18198635144068168,0.24208996656381832,0.33904784332987564,122.82188529820826,129888.37151496817,4.0,rap,7.4
5,Czartificial Intelligence,Czarface,0.6862971055900621,0.6704364219461698,5.685532919254658,-7.946551836853001,0.7636376811594203,0.2327780242443064,0.024025270420173914,0.31956396935817805,0.5326982923395445,102.05264100538304,181333.99336645962,4.0,rap,6.5
6,Àlááfíà,Honour,0.2800991173398207,0.706828814402995,5.709256714597195,-7.396188064106788,0.2716525165279696,0.4675629113697708,0.6688120801552192,0.2327919114956147,0.280209661763778,112.92696211186437,383924.09611601476,4.272285592097422,rap,7.6
7,Influential,Bad Boy Chiller Crew,0.7739709993987262,0.8819914107938117,5.757951043194249,-4.451111719341354,0.5497477423994339,0.14462043286810103,2.8779059341486006e-05,0.21312223127365723,0.7065565444207356,131.78299118123434,192957.07181012415,3.956648618629081,rap,6.8
8,We Only Talk About Real Shit When We’re Fucked Up,Bas,0.7013331799594127,0.5646633488562756,4.7787123218998975,-8.411405381751443,0.5654413806484371,0.4604850785086778,0.03198989221802821,0.12476062915054763,0.45587046574940476,112.06931818932112,189051.58839276896,4.045922082401694,rap,6.3
9,Truth Be Told,AZ,0.6074810302675488,0.8034371672908001,8.743292593854994,-7.072507354847915,0.24626397506032788,0.24435153274124638,1.7908901404272041e-06,0.21627813152891381,0.7083189761870521,116.37391490514568,177102.43584296523,3.9235639362194834,rap,6.4
10,Heavy Vibrato,Elzhi,0.4562846302634241,0.751764936775603,5.187802727786418,-9.031696441631532,0.5904332822448204,0.30616236603439123,3.274515399312478e-07,0.416033089103784,0.46159453752926877,122.18034284471045,207859.2689375542,4.0,rap,7.1
11,Pink Friday 2,Nicki Minaj,0.7447486599574992,0.6010514735851977,5.98989577420917,-7.171253777752952,0.6782615117260524,0.2005048682964146,0.013260650590496834,0.14451855568910352,0.4176625643984922,120.81903020001106,202708.36315139936,3.93588909092028,rap,6.5
12,Life After Neph,RXK Nephew,0.6131297900710064,0.7459429374775592,4.580683116283278,-5.2773913250401625,0.5158636554424714,0.36640388122247786,2.9883904956855012e-05,0.3090133748048123,0.4611092865808056,98.86398173453122,164117.64897788782,4.0,rap,6.8
13,41 World: Not the Album,41,0.7386799940577682,0.5969149696773044,5.0157067039433745,-7.486821274530555,0.5326646833164579,0.27329350101894756,0.013524218293730553,0.20977996317379966,0.3724516269372989,133.59244687761964,175716.33735513716,3.977029699431411,rap,6.5
14,The Night Shift,Larry June ,0.6630369195357043,0.5518594165259595,6.189231549696754,-9.417562977489382,0.3225234911524862,0.1564281095547092,0.026370241342535457,0.2355367484156249,0.45781884743812035,102.56516363925465,190636.10033996866,4.0519039001749055,rap,7.0
15,New Blue Sun,André 3000,0.18405152721086562,0.10420139740378237,2.5297726301066965,-23.75608613800139,0.5816688733269378,0.9202365161218516,0.7535062875098217,0.12459542331505771,0.06909998045628961,109.33439490165563,742474.7397020885,3.388947566447191,rap,8.3
16,Quaranta,Danny Brown,0.5999567995622326,0.6757087133398793,3.710328286846405,-9.391130480826325,0.48211964093747456,0.3345597026828786,0.007979836512451923,0.27312124380508473,0.5610363734180409,99.35797552596142,191881.40204660207,4.0,rap,6.5
17,HeadSpace,H31R,0.6471677091796868,0.7356800210705553,4.721798694558587,-9.05450509917804,0.5711202511879724,0.35562397883614344,0.10435294613479712,0.17177337134067563,0.4428029481931285,119.36919593283856,121058.36257034857,4.0,rap,7.8
18,Integrated Tech Solutions,Aesop Rock,0.669105618766976,0.6657661553928598,5.859098640714283,-8.295041959712423,0.6891555997996552,0.2204113559076908,0.0003781513976487792,0.19282744139019947,0.6338845312085778,118.45881918547754,231599.57748884097,3.873654793720973,rap,8.0
19,Blanket,Kevin Abstract,0.6192049400638105,0.5975386185739896,4.836535496520105,-7.863167778477752,0.681253186332764,0.24091490753118738,0.1692518380216419,0.16978306470210383,0.5569963142358058,131.85971859722721,190469.38943281732,4.060688981230567,rap,6.7
20,Robed in Rareness,Shabazz Palaces,0.5985866517304159,0.5365385363582705,4.966435695145303,-10.032869618862351,0.6276924739585499,0.1583514267721903,0.11757244055704734,0.21108584464636557,0.36750112645379046,124.5114287417525,213207.64414036195,4.0,rap,7.1
21,RAW,City Girls,0.8282744038083664,0.7073873567241326,4.0941956187721,-5.727603762468817,0.6944994192159731,0.0745241217745844,1.5267466014928922e-06,0.19538742199957077,0.5767186401731453,121.50624084702596,160930.07251747837,4.0,rap,6.8
22,How To Capture Playful,Pink Navel,0.6434190035009338,0.7255581191742755,4.150808843339299,-6.695957849905232,0.5240929621739894,0.2791448421671104,0.03158983551319095,0.20127444311009746,0.5956826021148127,100.05832392636877,165340.35131465903,4.0,rap,7.4
23,The Darker the Shadow the Brighter the Light,The Streets,0.6740448013518999,0.5700718323273217,4.672881370217464,-7.6882868155339255,0.682703153730859,0.20119394271843702,1.458821343836873e-07,0.13445200196800897,0.3231276358467004,123.97691840523846,192996.52476095222,3.881838339511748,rap,6.0
24,Set It Off,Offset,0.7456648207217567,0.6569914559516177,5.295336720252968,-6.26112537315083,0.4345427105676315,0.15291027357207615,0.000291876149221635,0.1833316810859518,0.3849411631249586,134.36116408077748,182355.18277867456,3.8944784733432103,rap,6.3
25,Harlem: Diary of a Summer,Jim Jones,0.6305409396016372,0.7538586856910207,5.385337123920653,-6.789034739602983,0.7504917997279699,0.11916109086023755,7.00224818551438e-05,0.3255711838580222,0.48738193103944843,112.41483230251254,224525.1102919246,4.0843114935520894,rap,8.1
26,The Am3rican Dream,Jay Worthy,0.588725065519958,0.7201421053589228,3.199601859695303,-5.487704475169806,0.5026831340947059,0.5698439772518211,0.001360024246731078,0.1862996641954742,0.7327658661404853,140.90884249332333,170085.94762918502,4.0,rap,6.8
27,A Great Chaos,Ken Carson,0.6139160834393746,0.6864908468346664,3.3004432432739503,-5.542313256609594,0.9007446089347392,0.02428464468889179,0.0033130313371503477,0.23634819059886839,0.2797605768411425,134.85509345317894,163727.43536047422,3.9461809500545355,rap,7.8
28,Burning Desire,MIKE,0.47016612847332684,0.7776439646315265,5.516456127146738,-6.876328630486899,0.5897386349945921,0.23872157245866932,0.043124347199612306,0.3801922388481963,0.5066601331055571,105.22519091571154,141505.26697390276,3.693774645103738,rap,8.1
29,And Then You Pray for Me,Westside Gunn,0.5589534852220085,0.6163595643811123,4.549898409774334,-7.086558193590332,0.7533280957928101,0.207837408609433,0.014888775704277622,0.3180669617749845,0.38451115000135455,120.05734131064936,234971.35248828327,3.7894291983853927,rap,6.9
30,Scriptures,Devstacks,0.6048108666229136,0.5578055329177596,5.251549587190774,-8.687156053346667,0.5602321636203806,0.0510195107992304,0.15297945205555197,0.2100006386663173,0.1200248817826243,136.3361605664818,181958.04869970903,4.0,rap,7.0
31,Excelsior,Slauson Malone 1,0.455057925248229,0.3447090565316612,6.232471727825909,-12.87451749298647,0.7022536859683428,0.5851912647664721,0.41850576636646075,0.1568165919719871,0.17773613462169766,118.4566391878262,170756.5304408572,3.5570526208951625,rap,7.4
32,The X Tape,Babyfxce E,0.7155552832318918,0.642886598779201,3.8072212066956403,-5.7699559588974285,0.7445133432691009,0.053241545708698636,0.0,0.19894246474761315,0.32216944588924284,111.31667994502405,157344.20662749873,4.111824271946627,rap,6.5
33,Hot Commodity,Maiya the Don,0.7837496345347156,0.7246549906704638,4.864044108362912,-4.057396329914842,0.5330781857208996,0.09386801760967464,0.00011126411863241629,0.2044692119698649,0.563432713702493,123.27793538854361,163952.8408047251,4.082626299471093,rap,7.6
34,For All the Dogs,Drake,0.6077407611701994,0.49517784786653596,4.711879023031857,-8.751248059004993,0.5477049467576878,0.2697775777851638,0.015729842844582106,0.20052523981041462,0.2544171393925536,117.09328838479199,236797.95901064845,3.870018551519952,rap,6.5
35,Gettin’ It (Album Number Ten),Too $hort,0.8466276251582834,0.4695212452262388,4.6728347794990786,-7.035297602120987,0.3273912496660072,0.18043719015694762,0.0037826757388931286,0.2408573232439302,0.5767610371682863,105.25913807603973,304668.01179948007,4.0,rap,8.3
36,Debbie’s Son,Maxo,0.4668534631734759,0.565876506899472,5.8872865757431505,-11.790270928363615,0.7292830944967765,0.4677112059779105,0.13167568922391745,0.28855688744074226,0.35175598863959523,132.59961784675227,202297.8566897326,3.744352349632969,rap,7.4
37,We Buy Diabetic Test Strips,Armand Hammer,0.43924373688965357,0.5549750116935721,4.49461128133905,-10.844326182377705,0.8456044885624149,0.33011954201558474,0.05141428010801212,0.32641067918920147,0.3193070049195936,91.59059098787738,258488.44357229501,3.751461005392865,rap,8.1
38,Trifecta 3: the Finale,ShittyBoyz,0.6606778376669421,0.6513249061997499,5.134936615039307,-6.276599190972844,0.5568779172994461,0.03047831063237002,0.015726237761684553,0.2255643799133465,0.2615911377956383,137.2341421942698,149297.1446847921,4.246197390901376,rap,7.1
39,Faith Is a Rock,MIKE,0.44486876281936155,0.6097756668168495,7.016196111420928,-9.88749212117966,0.3825145220458887,0.5090083461723868,0.010102217959063109,0.3091660759126756,0.4489071082670901,113.45469875484812,197675.12183920358,3.724924462256334,rap,7.6
40,Scarlet,Doja Cat,0.7336229384744369,0.6223345301824262,4.6161787658300995,-6.389896843725718,0.4962421549011248,0.18576494075260935,0.016934668969445427,0.121453896957985,0.5454872440160712,117.11878084160887,210409.79055511023,4.0,rap,5.9
41,DIAMONDS,Lil Peep,0.6699149560417094,0.5610569942751994,4.575059905949703,-8.364203799223064,0.3872445307708035,0.25939914257002655,0.001816554029589041,0.18885019619709673,0.3414172062972806,128.91201828767123,302863.8064166837,3.876087916581476,rap,7.4
42,Pretty Girls Love Slizzy,Cash Cobain,0.668489113931668,0.5261152572755089,6.741919058662334,-8.056772662625617,0.34784847685307335,0.2664851739410183,0.0003492754376067545,0.1251778525155879,0.3758547611938916,127.93343547513572,145829.86053172432,4.155104775659274,rap,7.4
43,66689 Blvd Prequel,Kipp Stone,0.6418353344857479,0.48076732601740396,5.445707601610612,-10.847982347378602,0.29384626166041145,0.22920026816134498,0.008616886077628796,0.19277122238141464,0.5379119925525637,97.21969376701152,235073.4892995015,3.7135964160943526,rap,7.5
44,Drift,Gaika,0.5026390706921988,0.7685613614374777,3.1721140307777898,-5.705708935473193,0.4551360693239454,0.03590133773517173,0.13552331970210937,0.22813100173464773,0.36264465490410946,107.11765973627023,239563.48303018813,3.9749642950834136,rap,6.9
45,How Do You Sleep at Night?,Teezo Touchdown,0.6681372924084482,0.5281737169107747,5.478736543558478,-7.4435924981404,0.68852830314716,0.39224524679971357,0.0007395530483976127,0.1825822168658938,0.5404669711377552,122.77516334663987,177546.7424622705,4.0,rap,5.3
46,E3,midwxst,0.5596034204756448,0.6815917155184371,3.765020428922195,-5.621205647581016,0.3541413890693707,0.1602507722108255,8.885946020922914e-07,0.14157488763484424,0.35549795516101007,132.22780077481465,178920.8564393082,3.9643147246414903,rap,6.5
47,Bad News,Real Bad Man,0.48178490062293877,0.7134328186380571,3.299563817977576,-7.091574501020844,0.6415211195999792,0.1994527318865442,1.3306381687554964e-06,0.34856841048864584,0.6846798275549194,101.79116521431841,175604.42636590655,4.0,rap,7.0
48,Another Triumph of Ghetto Engineering,Open Mike Eagle,0.5188158024205451,0.6488004493641067,4.617872388673887,-7.236169489636801,0.689960270113703,0.3707779657086184,0.09553510456662363,0.19035081678573035,0.47645335077964285,91.77269545025356,180588.07850513453,3.891922588952394,rap,7.7
49,I Told Them...,Burna Boy,0.7345086989856335,0.6144233854231477,5.148528225239944,-7.66058373240313,0.6838580448858186,0.307816557937709,0.0016565945313361781,0.14607221719565994,0.7022380754733644,100.18557551992807,183400.16122125392,3.9884084440894183,rap,7.8
50,Soul Assassins 3: Death Valley,DJ Muggs,0.5490283810766392,0.6700040961449744,6.70663961132576,-7.85112150755435,0.5463940228360533,0.3895840040222594,0.012559549628755553,0.2816897476356612,0.6327155935715933,105.34092795542357,166681.56757828267,3.8068255867597025,rap,7.3
51,VOIR DIRE,Earl Sweatshirt,0.4950575978724139,0.565908550174215,7.1158242357907415,-10.853337382353956,0.3230355737175366,0.5707208226833804,0.030547500613807368,0.28923041708090413,0.45879674338814336,88.83482705710047,153784.293622573,3.9404708664331256,rap,7.8
52,El Toro 2,EST Gee,0.6408467543128776,0.7318634268227614,5.879478580362247,-5.708190128872104,0.7066730563423261,0.06458618471893307,1.5993704368413718e-06,0.23796623190470256,0.4310635098353319,113.05306955403461,170149.529289868,4.0133928379554105,rap,5.8
53,Rocket Power,Quavo,0.7369926297329573,0.6290359405390477,6.06113564203295,-5.776872494412803,0.5693249727250825,0.2250799967616136,0.0010846009074761676,0.16721552708329115,0.4056668996433205,132.32611887522225,182092.0157022565,4.0231828637129015,rap,7.0
54,ghetto cupid,jaydes,0.5843298181108205,0.5332920967781808,4.423234270417695,-10.247038886739137,0.6145783776229844,0.2564152485115842,0.11431353322714176,0.20321919732249116,0.25823261306839423,111.23436525605393,123434.70278501883,3.8027299773325915,rap,7.5
55,Marquis,Key!,0.6787883913059797,0.6475516855526512,3.8381846553734564,-5.880229822064827,0.7325845098242532,0.0591795419843929,9.284951236563894e-06,0.3736293406328464,0.3344401646461749,133.64730197452,147695.7066159365,4.0,rap,7.3
56,APPETIZER,Clip,0.4758440666010404,0.6469686914506697,5.234112873380695,-9.554221117871522,0.33538049872128056,0.09777191532468048,0.08734583901580414,0.22093877123713312,0.2746869073866022,134.54416058795428,138069.75379455544,4.0,rap,7.0
57,Final Boss,ICYTWAT,0.6808053268501352,0.6932897588313696,3.4248069209887797,-3.785238960831213,0.6900427700779074,0.006924686171129956,0.1552854978166782,0.1878381804479447,0.35133354110457543,128.01597532808435,126193.86558694571,4.0,rap,7.3
58,Sundial,Noname,0.6783102925678308,0.6861603086005187,5.917953372556843,-7.229663614885437,0.5973800394602572,0.3802657724569911,0.00979986684099125,0.14482978800295376,0.685861261892651,111.68358051594966,181134.90503217504,4.14774826904417,rap,8.8
59,Lonestar Luchador,That Mexican OT,0.7898354151148176,0.5847878746586295,5.411503136059306,-7.382122718373734,0.4152249616998935,0.4372174392498709,0.0,0.22180759624221427,0.6503186333773184,122.21167870836237,148571.12088336438,3.8537460529884533,rap,7.5
60,Porches,Reason ,0.6584183608339544,0.618491795404556,5.414269125084343,-8.72945460206212,0.4186308496788931,0.48423527593665755,5.34265436634251e-06,0.2925875901008353,0.574177743880379,114.98498444527064,211066.38132338296,4.069478163728358,rap,6.6
61,RUAB,Dhanji,0.6448882849191319,0.6152767971453234,4.973538458461733,-7.409677345753499,0.6020726546928997,0.24581129192904594,6.907869895367328e-07,0.3241411236503979,0.5121763427811884,88.83144371730788,326977.58774570323,3.4754231607501955,rap,7.8
62,Not a Dream But a Controlled Explosion,Iceboy Violet,0.3877160680287602,0.656362949577767,3.768956534073315,-10.991025792473524,0.606195547724217,0.4087081817509834,0.4083738658224005,0.16987087181577173,0.27565512742906345,128.79638695702553,143715.24680902922,3.9488585624299524,rap,7.7
63,Rich,Homeboy Sandman,0.6202547570892241,0.684722735859624,5.885882089381298,-6.777400375809734,0.6880313535569146,0.3254194805619778,0.0005775807263473333,0.21778877441473235,0.7055276546124793,103.80410267056489,158408.3286233357,4.000791012785838,rap,6.7
64,AUSTIN,Post Malone,0.5010875198201408,0.650529932073276,4.520874104010564,-5.823283446276355,0.8146128543609459,0.12362573675705649,0.00017998404121688183,0.20935177057778745,0.3084618070433065,134.63968277830503,186706.6387857185,3.9962614073418274,rap,5.5
65,UTOPIA,Travis Scott,0.60479143063627,0.6524517605943121,4.414261533905512,-5.807053443168408,0.2261153087164384,0.1946335371524297,0.0012059248808052156,0.2780955815562565,0.3460787843427058,109.10431823848194,248838.81685807204,3.918626454784953,rap,5.7
66,Magic 2,Nas,0.6366435519987488,0.8123765202090638,3.762272591009215,-4.986123400284139,0.6911627543239968,0.10017888742619553,8.820032063396895e-07,0.28381541858373627,0.46759408156615356,129.31147006556054,187520.66110397142,4.020639443191742,rap,6.5
67,War on Drugs 2,Los,0.6297535299206758,0.5739895142993036,4.150972951179352,-9.690434364168937,0.7697830833387269,0.2815139191486507,0.02965027569976421,0.18788695596409485,0.5818624787201258,118.76263941279129,146097.28182836797,4.06143982879907,rap,7.3
68,Virtuoso,Valee,0.6314073346692433,0.5688788096972269,5.592841160644145,-8.781200631437908,0.6879549970853961,0.289803614526052,0.0022371923131941558,0.2208918324335214,0.4712150780982716,114.73637201849134,157682.45251579786,4.0,rap,6.5
69,Everybody Good?,Black Milk,0.6035713270339844,0.7616358833993206,7.55744001489807,-6.3824562037466315,0.7576898679542117,0.17527022088329264,0.048315469766170134,0.31097138503558663,0.7045580553362444,111.55474246978194,222397.75176284133,4.0,rap,7.2
70,Maybe It’s Me…,DDG,0.8113409278932516,0.5734447813475014,5.1974118008486405,-6.748839298723582,0.6653670188096615,0.19484565107764254,0.0,0.22232647700764233,0.39821067156759354,120.83133876900267,173888.91632138082,4.0,rap,3.1
71,i care so much that i dont care at all,glaive,0.6071738948536229,0.5801605991048074,5.389512911000896,-6.423237937172157,0.9161244864969356,0.28897737494982867,0.0,0.19485289957052046,0.47152880052968205,135.91817560940987,168871.35307345417,3.9346577564526988,rap,6.7
72,Beautiful and Brutal Yard,J Hus,0.6613655498601287,0.6589992285061823,6.2903939656259285,-5.919558957689432,0.42618109768931667,0.16183034724343281,0.000597195458597026,0.1496405062212734,0.5515047012327549,106.28801960385574,203606.21709229387,4.282784267117799,rap,8.1
73,Crying Crystals,Haviah Mighty,0.6584541643725912,0.5623201106995679,3.6898597694245625,-8.604950769558037,0.3314517743630812,0.1593230052722025,0.0011907633120776815,0.1776674219597244,0.38812999708026763,115.98724137177369,192730.39677494703,4.0,rap,7.3
74,PLAYA SATURNO,Rauw Alejandro,0.7433173141129727,0.7610308700003912,5.367083877116772,-3.4352427576012596,0.5224626618132938,0.28830126162586056,0.000615968253843179,0.24625697370574712,0.6375837786201491,108.95871990240143,205816.6600961211,4.0,rap,6.5
75,I Can’t Help It,Big Jade,0.7977121824748262,0.7081627950358786,7.952466625886078,-4.765796353988134,0.46202291919572597,0.09380291001630592,0.0,0.20036058341492607,0.3410113198328122,145.80709052059643,138503.87172484843,4.0,rap,7.2
76,I’ve Really Never Been Better,Lord Jah-Monte Ogbon ,0.5183406710328439,0.823219780186259,7.807302721285572,-6.2956821235849825,0.6731821745271076,0.10852428010237232,2.0927624968351827e-07,0.21142733987548162,0.6310853905918742,114.44350949262255,178586.24937176463,4.0512300845273215,rap,7.1
77,Data,Tainy,0.6479213121121068,0.76199892380565,5.225724745122223,-3.9183784519701366,0.502152651122512,0.2117364576122184,0.003359885844680041,0.333644507210056,0.4969433278312099,121.90006217233282,212437.6413436028,4.0,rap,6.8
78,Pink Tape,Lil Uzi Vert,0.6334025300864495,0.7113628541297812,5.579736796724609,-5.041952551856843,0.4236754588363998,0.12685021193618387,0.054027810208422254,0.23141308111929468,0.3599199732434843,130.4770642618705,204750.36834686244,3.954289196656879,rap,5.7
79,Fish Don’t Climb Trees,Chester Watson,0.5780854001423357,0.48951005556443994,4.15254831226438,-13.18617725572449,0.6890347358984765,0.19044317976921737,0.2312283014544682,0.2402333101204247,0.2849827569927029,134.16750679089074,152915.45267593017,3.8839976833814474,rap,6.6
80,Ganger,Veeze,0.6209782290410517,0.5517956649281974,4.663830953918571,-7.535194493282393,0.5676003412153022,0.15009450835198945,0.04609189754338426,0.22874219486799185,0.42660216253319316,127.12924461110025,179406.22180394907,4.048875787436085,rap,8.0
81,Glockoma 2 (Deluxe),Key Glock,0.8521258155155282,0.6295552251038613,6.4833099622973265,-8.201913704502688,0.6559663791152303,0.04811237872046988,0.016709707492915612,0.19612570140251273,0.5345844352519298,133.05054837414704,158550.95917543533,4.0,rap,7.0
82,Business Is Business,Young Thug,0.7150507010510411,0.601001233998369,5.5252923247872285,-7.588102043738387,0.34563344535486734,0.10633407815394416,0.00040421390217706445,0.14825269930002014,0.4157644041458917,141.5097049851249,193551.89060618743,3.867006682729593,rap,7.0
83,Texas Boy,Mike Dimes,0.7643399401268343,0.5519376782196713,4.228086123620703,-7.482672998297159,0.5114660857989956,0.3199306073467083,7.268445717973763e-05,0.20868158664849534,0.42356820416999214,124.77248267817646,161249.73635542032,4.0,rap,6.3
84,COI,Coi Leray,0.7819876475779247,0.5804265659068427,4.221201368924914,-7.351784426686163,0.4597303256400546,0.1285867212971377,0.00018802072331221758,0.1284670611407066,0.44134784266634247,129.92415546332407,148388.4377918433,3.9141260247039695,rap,4.5
85,Central City,Big Freedia,0.6905500991965013,0.8739346685744918,4.683907760725844,-3.6262330997240366,0.6764322159604973,0.12597168137360562,0.02038737772223136,0.2481564344423866,0.48504506208467224,114.74821056318655,188384.87146147148,4.0,rap,7.6
86,Michael,Killer Mike,0.583687117957916,0.6988740206895719,6.121461570430666,-7.07977474645542,0.18955507424919146,0.18771558801547156,3.3611732600790414e-06,0.2584602066605332,0.4395516792135376,121.54647653074454,243499.51495675516,4.0,rap,6.5
87,a Gift & a Curse,Gunna,0.7050499826788497,0.6223994685229135,4.806898503223874,-5.85418457521124,0.2881420400736527,0.2903367321279485,8.767378979760264e-05,0.14634069297144983,0.4123800655141615,119.27414190947329,185138.68137199743,4.089698471791243,rap,5.9
88,The Onederful Nephew,DJ Rude One,0.5828731015067725,0.5700407174200529,5.364797059923593,-10.1422416997275,0.7275269829820202,0.35295462818252255,0.15571303163796382,0.13831899027544012,0.3884114387139002,116.61985873089819,142556.89034490127,4.0,rap,7.1
89,Hood Hottest Princess,Sexyy Red,0.7088350558008867,0.6594123748424842,6.433655758073308,-6.576741510695629,0.6931867084207808,0.06899163896484223,2.7657823710245868e-06,0.1944609680686957,0.47368209990973875,128.0389640405933,169656.04494856874,3.9981517404536016,rap,8.0
90,6,BabyTron,0.6286728625726546,0.6500897098256629,5.979095279518604,-8.459301162901982,0.6500522959815836,0.08555995405302402,8.868380362688015e-06,0.1869563163206188,0.33390100251054894,128.66759615240008,168383.82112467123,4.472091292377263,rap,6.8
91,Metro Boomin Presents Spider-Man: Across the Spider-Verse (Soundtrack From and Inspired by the Motion Picture),Metro Boomin,0.6941468685976686,0.5556774298834334,5.503312610385023,-7.595031655951959,0.6147601554221124,0.22720085715294952,0.036949224416389974,0.18777150865418582,0.28397121080890136,120.390855512893,225090.98181914518,3.9409773931472976,rap,6.4
92,New Jazz,Lunchbox,0.5694014860000355,0.7156110188506821,4.4374652305106315,-4.715281260374143,0.5163633619379612,0.0896382192248007,0.0,0.28259636694146845,0.2814530206412721,123.56064426477144,106638.71778700886,4.023031062324658,rap,7.5
93,Almost Healed,Lil Durk,0.6983125554082257,0.5560650882084227,3.8519262476386156,-8.013076987465444,0.5957704489855545,0.025861455947802436,1.861448622106034e-05,0.14271727390645883,0.35152834038337044,134.93965601778248,171262.76359883533,3.906009682927993,rap,6.3
94,Real B*tches Don’t Die!,Kari Faux,0.6937494683541137,0.5735465869227621,3.0848993804314997,-7.9820679724902295,0.42567769213861034,0.3891325379791738,5.51535915806949e-05,0.24209609066036675,0.585890564045012,102.53172622917424,190222.90835318444,3.670155723100952,rap,7.8
95,Nothing Bigger Than the Program,Jay Worthy,0.44345831022490423,0.7288801923889344,5.0079536376504885,-6.1931860595606825,0.528859841788182,0.34388896560164334,0.025643697953152123,0.2920458051443868,0.6809197373347456,94.56330841543917,183738.69192142668,3.7243456393643495,rap,7.5
96,Where the Flowers Don’t Die,Monaleo,0.6331060670296815,0.408174781064932,6.0592068654857645,-10.134876127797135,0.7327413364423658,0.5667556414698127,0.0002479239865172211,0.14263016998105435,0.47936776123160085,112.17354120958588,179241.56887898178,3.9586518545997342,rap,6.7
97,From the Cradle to the Game,Heem,0.5507265936739837,0.6753877695408663,5.719991171774861,-9.958835827953555,0.5230756335861992,0.1333672721677392,0.0024387494551023265,0.15751516928451118,0.5936694839880446,82.48679279584618,199074.13987246656,3.7212740461161298,rap,6.7
98,Here 2 Stay,DD Osama,0.7392489032997281,0.5989723451316943,5.52525469529991,-9.423031776090085,0.7683256837007338,0.3089925775325596,4.5414050473347695e-07,0.2172925962653858,0.5065302215026287,119.77563046488709,162168.63034300515,3.9217086424249668,rap,5.7
99,Kaytraminé,Kaytraminé,0.6872939714507672,0.6937660489916979,4.433737287125648,-6.550540909902332,0.43595312375603346,0.1277064249866857,0.0116330868748396,0.16252220786535468,0.568569259358708,110.97388755210133,200140.71695246064,4.0,rap,7.3
100,Monochrome,Highway,0.6480293818005552,0.5685225947453686,4.00822168268965,-6.524088098629578,0.29753085894813824,0.2778500023896285,0.0007228397911030986,0.1628711891590804,0.4782046465943541,104.95360856481975,192724.6300982639,3.8851477360183346,rap,7.0
101,Love Streak,Tony Shhnow,0.561088388881707,0.6511278487613851,5.818154156520393,-7.677318283430817,0.3546587554314991,0.24043172118612244,0.0003347512085387871,0.3481274635327763,0.5286943357631624,111.07520910513168,148700.59172978683,3.9364638819048525,rap,5.8
102,If Looks Could Kill,Destroy Lonely,0.7501741549153269,0.48290750956212014,3.949301704797404,-7.850211284239734,0.7052799506996522,0.03089192282232517,0.0321980326052831,0.17349007457316204,0.24533105929891488,135.29878211018422,204688.91615069335,3.9618050025963307,rap,5.7
103,The Truth,Beanie Sigel,0.7445387600145976,0.7941548400153943,7.325360707103664,-5.79322360237896,0.541949279874503,0.05712157072735398,0.0003978771925298146,0.17139748200638147,0.6211444904995687,101.32950930624621,247816.8739078912,4.0,rap,7.8
104,Maps,billy woods,0.5851647289322889,0.6580646200770077,6.173776751476959,-9.423808331925454,0.7364919551319076,0.29509084535739566,9.953883890961097e-06,0.23312439061925597,0.4589992329333695,105.10406951800026,169655.4646325692,3.8278980319883265,rap,8.9
105,Short Term Agreement,NxxxxxS,0.6667081424205086,0.6099641828140997,5.719456452405512,-8.640884249792489,0.5630506490224769,0.33805724002805443,0.3217984507860776,0.1340892749072719,0.3611756282292926,122.11933808342077,137964.8875707762,3.964846502914432,rap,5.8
106,Jackman.,Jack Harlow,0.6823790936624303,0.6584826174033769,5.823888893874928,-6.35923688271019,0.35303754464134696,0.30627483412024525,2.788327422576216e-07,0.1382719937811057,0.5243766814936117,109.72327261166637,156425.86312840483,4.0,rap,6.4
107,OXygen,Matt Ox,0.287,0.958,7.0,-3.13,0.0,0.00323,0.225,0.0809,0.143,137.82,169704.0,4.0,rap,5.8
108,Yallah Beibe,MC Yallah,0.6785929966524694,0.7558145791570887,4.798416417113086,-6.269272369394846,0.6586925516220574,0.21427880997495477,0.0010349777968053874,0.2737839273933863,0.38966066627130186,112.8817693203484,171065.6572216967,4.0,rap,7.7
109,WiCKMAN STiCKMAN,Shawny Binladen,0.6892139705735698,0.6939089366636428,5.011884464844886,-7.726389300817951,0.6166531063638971,0.07154013753173145,0.0023583832302291816,0.1647170513184672,0.48566234000160935,133.78120019408541,99510.05190306183,4.1999822558337385,rap,7.4
110,Have Mercy on Us,ICYTWAT,0.6623818233614492,0.7296717488001393,3.842706997532137,-4.951857982953192,0.2619399076234465,0.010325720828860366,0.007130720717001983,0.19021746682013502,0.29059165327102654,135.38188450139484,125473.02359986142,4.0,rap,7.4
111,Let Me Update My Status,TisaKorean,0.7587358734537964,0.6143942625134278,5.6308801491329294,-5.259262090591301,0.5953225188780876,0.08623401890953192,3.1283022784595253e-06,0.22661004397601237,0.6322252015631143,127.8921119504213,127279.47870606936,4.078346939599834,rap,7.8
112,Sremm 4 Life,Rae Sremmurd,0.805636667484308,0.6059378422710381,5.375680180546391,-6.186055568329991,0.364504197012736,0.06896630255407685,5.133646712261516e-05,0.15231676847639905,0.3887109400073343,130.70627514168868,211830.8419695691,4.0,rap,7.1
113,Leather Blvd.,B. Cool-Aid,0.5232151245272968,0.5124941998231871,3.2102045924488336,-11.350318805909051,0.43072943317546764,0.2899011287170464,0.03755077468056674,0.20594500543138516,0.40042022324780807,110.18322254450221,302080.0246085519,3.7541211328352815,rap,6.5
114,Duo Deleite,Duo Deleite,0.621517683201922,0.49434664987415766,5.3700969334506645,-12.831919192363287,0.6081699795121469,0.3517643829260225,0.019272476263236107,0.18960947947054899,0.6417550974441252,108.50585806835191,188638.74204785188,3.8751282604534385,rap,7.0
115,Call Me If You Get Lost: The Estate Sale,"Tyler, the Creator",0.57266504154554,0.7239030560067377,4.4072462657919145,-5.945192997740411,0.6360953467869992,0.2716003972133609,0.00033550369851168335,0.37501432248894984,0.533774021172883,115.68152773568909,269516.20142543246,3.957733867048213,rap,8.0
116,My Vision,Luh Tyler,0.6377352385667329,0.5426226071853611,4.881624175757858,-7.157818023598654,0.6619181590779024,0.10383725758087968,0.00023216781709636618,0.14796084235462834,0.3064252335086364,105.01192176776637,167660.93805391656,3.8511901869859115,rap,7.0
117,The Great Escape,Larry June ,0.4752905445237962,0.6262419944384591,5.968461884228037,-9.417350056810841,0.33905066499033415,0.3894504565908208,0.06502709427526983,0.3677646735266702,0.5010002634786557,102.73724626670298,182212.93032544362,3.9265361922846744,rap,7.4
118,Generational Curse,ICECOLDBISHOP,0.6852534783256908,0.7084205421851357,5.886494856432824,-4.977385948121593,0.5517961587629155,0.3054355062248016,8.115022016669862e-06,0.24258573994091728,0.6721910544845172,119.23616576556246,185564.2155340668,3.97802864591476,rap,8.0
119,Ways of Knowing,Navy Blue,0.5158872544779994,0.5141350271854938,5.0103817082608675,-9.367587356784902,0.6881951816720524,0.512821423145917,0.04605195830814051,0.2278484937851806,0.3486166708715714,126.92555141179488,183072.89870765276,3.9683543197666524,rap,7.9
120,Scaring the Hoes,JPEGMAFIA,0.539344527616109,0.9409349453957391,4.783429187057291,-0.6575944444163924,0.7619762836052262,0.18069159405148424,7.300349369954367e-07,0.3635151894910839,0.7009501632550574,124.27385357308927,164826.43549600572,3.877104034761645,rap,7.1
121,MAD,EST Gee,0.636040113759761,0.6864532308014194,5.652730130515074,-6.375506327767826,0.5854166522572122,0.11229753650202999,0.0026355058035893372,0.145449996195904,0.46013251222498114,131.79761747091595,168550.30874042923,3.741755486543875,rap,5.5
122,Till I’m Dead,RXK Nephew,0.6988481320753455,0.6699699032437094,4.529464864828721,-7.101099357409845,0.678002821779861,0.1490567242612888,0.0,0.19058795996014738,0.39349770981136867,136.47974149955533,211922.35986385916,4.019598665338246,rap,6.8
123,Outerwear SZN 3,Bub Styles,0.5675252421816172,0.7672314187980711,4.77747665489256,-5.845366825271527,0.46896292065755535,0.34408617045657097,1.5238284642369082e-06,0.1730417346618309,0.5080645821283366,112.38227309562006,171088.63221618763,3.6787881764200168,rap,7.7
124,Notorious Dump Legends: Volume 2,Mach-Hommy,0.512194862193329,0.5882806616512579,5.468998646033411,-9.311130899988132,0.8958487239046555,0.6575883584305613,0.0002302521169473503,0.3890530559922104,0.5559598787485376,106.64592328592431,181889.4331264033,3.9554008491962187,rap,7.3
125,Ben,Macklemore,0.6545658541083814,0.6561949624820075,4.188395252645413,-7.627862023106356,0.734296309021559,0.2642932009606729,0.013665993651469586,0.18302118152762023,0.5017429261104194,109.07804116847517,227000.49852743922,4.0,rap,6.0
126,Gumbo,Young Nudy,0.7888992269288233,0.5867592936781797,5.380225617078356,-6.902215090458746,0.4758994415020276,0.1846786618987108,0.00020954622645106554,0.12469677008462159,0.4463203520975385,124.95119219720682,204736.43334216945,4.0,rap,7.7
127,Ugly,Slowthai,0.5345431379693211,0.7073342132439339,4.75493914861966,-6.442138195694589,0.4801996399581748,0.1765397479953432,0.0001540531549365615,0.17994303396682007,0.3185390293531105,117.28953839921525,209777.10267616718,3.790221953927582,rap,5.5
128,Somebody’s Child,Chunky,0.6635934926836884,0.513565187028526,5.008132653201776,-8.847935463565365,0.6845120086684634,0.8080928746883624,0.010991250369594264,0.31133891212620696,0.5514955463932673,124.71377686833394,210758.97087708506,4.15635603142318,rap,7.3
129,Another Planet 4,Phiik,0.4213997631260012,0.6084231739276761,7.045559991834468,-14.19558051748141,0.5421747902065107,0.5686521299349516,0.009729244171704222,0.2949140761638182,0.49621666320305885,99.81363419997096,168127.12783471786,3.652990258372889,rap,7.8
130,Amar,BigXthaPlug,0.8282683135438254,0.6428216691454346,4.569196635377301,-7.561425013775447,0.5742240643666952,0.03941164035596732,2.2247064283798607e-05,0.28122018481043526,0.4681511877118128,124.33430939168596,162922.54415896622,3.9340056077044983,rap,7.0
131,Even God Has a Sense of Humor,Maxo,0.4851091411909296,0.694126456338077,4.73731922810668,-8.130461424673147,0.41217057304719784,0.4219729225983318,0.04462053898134283,0.19483917219674804,0.39897391157974177,104.49418737168067,201329.54304622693,3.9786602139622484,rap,8.0
132,The Corner: Vol. 1,Jadasea,0.3497288904438358,0.8172222502323135,6.278480134686137,-8.525812679806217,0.5182031857594591,0.15680342344349932,0.017420410509382235,0.5502647078977687,0.49511567246689114,104.65151659537557,150222.84996222815,3.7686185088702544,rap,7.1
133,GLOW,Wesley Joseph,0.6376761708969452,0.497817997640535,6.933317736307387,-10.193071377727021,0.2478128015553411,0.5764974220107222,0.016951093264289233,0.1263150596159576,0.30200794068768666,119.05205654467092,198292.14689909553,4.2136055369916185,rap,7.1
134,Sugar World,jonatan leandoer96,0.45075207679313634,0.605642465818948,2.3753131112750268,-6.850876780045466,0.897682158384585,0.2739209738610302,0.03554399363581666,0.1282255593961075,0.326968725980117,129.24675202745058,259007.62078379147,3.7644260276972883,rap,7.6
135,He Left Nothing for the Swim Back,SKECH185,0.5454459903795096,0.6960059518662843,5.293658946924144,-9.741740824653935,0.7244106142918065,0.1892151656229895,0.0004037634598935366,0.244261808841726,0.46430606974098343,102.18098681982075,240432.28864353235,4.142493071869372,rap,7.4
136,War Lord,Talibando,0.6924121725048907,0.5491843074213509,4.433684887599167,-8.417366164108564,0.7704534843174685,0.11377038804144184,5.365868500580178e-05,0.16652954168907594,0.3604491060435025,130.9505462369214,141367.90076201284,4.117540183962664,rap,6.8
137,University!,Popstar Benny,0.5923916437659469,0.7177463823985709,5.4628003983229405,-5.325910472645214,0.8761048974061997,0.08728218239942559,0.004021710801090687,0.295966628871575,0.3867429445125886,123.24062271551966,121294.55626653446,3.955833593325954,rap,7.6
138,Chess Moves,Tha God Fahim,0.6201918942131789,0.7060229232910167,6.877593880792909,-7.377790767388726,0.4620490130835765,0.22353555193563612,0.0008067358190927209,0.30400989773483494,0.47570953897601215,125.90672391394361,145003.95656301838,4.0,rap,6.5
139,Love Is War,Reuben Vincent,0.6141946748672967,0.688683626638076,4.262119142693571,-7.095361400073486,0.33819953417231485,0.1485938845162889,1.080902535518349e-05,0.21632430043771972,0.38294516653182337,94.9691951335893,210540.22654885007,3.9358630202165976,rap,6.2
140,Let’s Start Here.,Lil Yachty,0.4050039939569795,0.6528307762231822,5.883707355794468,-6.3663083916161245,0.44646479812563944,0.262334590239684,0.317652992819083,0.3794805099787819,0.3449148232660943,122.0881405249583,270479.2784957162,3.9061760553462457,rap,6.0
141,Stillmatic,Nas,0.7019345264185893,0.7928560357314102,5.605697140846325,-4.723500975276054,0.4792096427535152,0.04956604520342039,9.282452586296865e-07,0.21038224644806963,0.6238128040296319,117.13791668834766,256536.09342747723,3.9319458690187354,rap,9.1
142,Before the Gloss Up,Gloss Up,0.80874416815515,0.750900930553047,5.9716580479570425,-4.979943654488976,0.4318949119509057,0.06272392794624958,0.0,0.17181321444419917,0.5243494033801397,136.31908743697636,141972.9768119917,3.914476867740159,rap,6.8
143,To What End,Oddisee,0.7380826542726415,0.5870403005633608,7.173007353793987,-9.501837510865188,0.48709795545500867,0.12932457340697118,0.0005625385233964806,0.14531440649031288,0.5942744911443014,112.88319080834397,196165.68427880562,3.945293206960497,rap,7.4
144,Bin Reaper 3: New Testament,BabyTron,0.6921913286995017,0.6992253609665289,4.675137301572601,-8.396278312603034,0.5829021338470373,0.13574026513095744,3.268027962750292e-05,0.22566509490710723,0.41282403203549,116.4791724931465,173457.3194718173,3.9266156667345844,rap,7.2
145,Free 03,03 Greedo,0.7647237606086111,0.5464286186195227,3.8014544710716227,-9.618566576033723,0.42267874574346165,0.11379013885192134,0.00047452739010532427,0.12300271453427686,0.5412305906592669,129.41579682150976,181479.4190466921,3.797096584088001,rap,7.4
146,La Sustancia X,Villano Antillano,0.7855644483898042,0.5905828249955537,5.32919070545323,-10.286683309463557,0.6779364242350492,0.19398804550754212,0.11810127228495623,0.24675240647884952,0.4794543328060141,113.35719754292138,179161.02154104094,4.0,rap,7.9
147,Sorry 4 Da Ooze,Tae Dawg,0.6250281521411803,0.6499999173809522,7.0422728140825965,-8.816441354545274,0.1544557111015454,0.08205138054632743,1.3969025041354426e-06,0.23234893196920103,0.500215850045231,125.31258880499928,121952.06935509846,4.0,rap,6.9
148,Afrikantis,Lil B,0.6082199716254826,0.774922343438136,3.6993655428004097,-4.485321678813165,0.8857045388954112,0.21720155010185124,0.6596740604186689,0.15840902088767966,0.5631019945987545,124.84179921573131,338510.26145277906,4.0,rap,5.3
149,Sauce Ghetto Gospel 3,Sauce Walka,0.5966771496691774,0.6868686981418809,4.853547927482601,-6.699422131452472,0.4235098674450374,0.14986871567329516,0.0,0.30707455044122234,0.5859964732337176,117.53441477970512,190418.642221188,4.025944986904154,rap,7.5
150,SNOOP CUBE 40 $HORT,Mount Westmore,0.7936809036999308,0.6804869105856444,3.8170958665735455,-5.517149360747744,0.7907277038005674,0.06770493662304895,9.226578812929238e-06,0.149226676656878,0.46389826599206696,112.04956710829244,247414.20767768836,4.0,rap,6.5
151,Trillstatik 2,Bun B,0.5622770171821307,0.7205865735506041,4.131111406717658,-8.169236567121162,0.8666653364372021,0.08999078058751801,1.5659780512138347e-05,0.30925815807560136,0.595524829619776,108.01238989025606,180906.22576299746,4.0,rap,7.2
152,Paper Route Frank,Young Dolph,0.8624391439387422,0.6297645151854083,4.484702314376667,-6.301944240299406,0.6026266884625312,0.10889589161146004,1.8723894777596146e-05,0.20406484474748343,0.46263897573776125,129.55585553772696,184914.5847758754,4.0,rap,7.6
153,Beware of the Monkey,MIKE,0.4618611427112343,0.7277592456440678,5.745844266423978,-7.299850664827954,0.41459521649754943,0.3316723616568687,0.05487657042182273,0.47827484423761135,0.5471159899493393,103.91258464124725,169313.42653012765,3.886797429908167,rap,8.1
154,Full Moon Mystery Garden,Wicca Phase Springs Eternal,0.5360527765192622,0.6037597466062617,4.454898054471117,-8.43910370616893,0.7019935751778881,0.06905441301472046,0.09761514500144053,0.18485968405379224,0.27570679560915695,141.6446222246127,179012.8489183383,4.0,rap,7.3
155,NO THANK YOU,Little Simz,0.6175638547317118,0.6361898117834418,4.491581348813026,-7.7876290497196345,0.6375080845883218,0.7402618392079672,0.0018942583771152587,0.17183784414982833,0.4983965956958286,91.57196380574028,326110.97462523886,4.0,rap,7.7
156,Herbert,Ab-Soul,0.5644205274724393,0.6819539623802183,5.782693888551309,-7.304008195419682,0.40197206043170225,0.24863816047393172,0.001372627460950278,0.3363702902010132,0.49388349880299787,105.51439728849832,227881.42843510065,4.0,rap,6.0
157,Vacabularee,Valee,0.8202298466285123,0.45177044295033464,5.297675567347185,-11.389244525643521,0.58387136764021,0.2071149475182614,0.028943328465887853,0.13099604846927665,0.41020824098320874,128.6251135890977,147013.4313556933,4.0,rap,7.0
158,MOB,Babyface Ray,0.6551713653787168,0.6364641577717803,5.478288632229165,-6.161531913238125,0.6321040931588631,0.22952723923176993,6.636190519366191e-06,0.22143306743523117,0.38946605892713493,112.75743837465848,188527.31246595894,4.045299133757355,rap,7.5
159,Heroes & Villains,Metro Boomin,0.6510147400244436,0.6317464573681404,4.184915643039416,-5.9796724660849465,0.33215020301545717,0.20203512267929105,0.0009456547545963573,0.2643635091414148,0.2696789139140978,118.34049321144316,202153.3324600815,3.9343407734206077,rap,7.2
160,Type 4: City on the Type of Forever,Greydon Square,0.6431621120670307,0.6041589942395451,7.298702177003067,-9.996897700905215,0.4648429714969701,0.1793771030418194,0.01982925376533553,0.24974388616742724,0.573312457843944,107.1005270181791,222021.01593476473,3.773704795391636,rap,6.6
161,This Is What I Mean,Stormzy,0.5221018543915866,0.443291748509922,3.0473575082384903,-10.014446582082664,0.6955658396760502,0.5289030453490716,0.02682481318158478,0.1393234974098316,0.3292291762809471,104.83806950751053,284285.1131666353,3.979728113564423,rap,7.7
162,SATURNO,Rauw Alejandro,0.7433173141129727,0.7610308700003912,5.367083877116772,-3.4352427576012596,0.5224626618132938,0.28830126162586056,0.000615968253843179,0.24625697370574712,0.6375837786201491,108.95871990240143,205816.6600961211,4.0,rap,7.6
163,Feed tha Streets III,Roddy Ricch,0.7268739006782069,0.5633949450191373,4.209072897549709,-8.347059699778995,0.5372439840147764,0.069554369577256,0.0016624551555216387,0.18170749615480072,0.35545710998873875,120.64922394381536,161868.8833591931,4.0,rap,5.3
164,Back 2 Life,Thaiboy Digital,0.6588464974705541,0.6926794075613368,5.8704946151926904,-5.451876580323885,0.7523271830111856,0.335593450343908,0.010837285983251605,0.13736803211012089,0.5458350545414064,136.77526486162387,178635.98750681736,3.6957619269197397,rap,5.7
165,Please Have a Seat,NNAMDÏ,0.5553530015066386,0.5483594710285947,4.188874807746633,-9.714443810226308,0.7107077278006215,0.5412766880237923,0.0536156141671231,0.18857899051288488,0.46683223932012935,127.5559779932672,199927.31514642644,3.881083445808092,rap,7.5
166,"I Don’t Give a Fuck About This Rap Shit, Imma Just Drop Until I Don’t Feel Like It Anymore",$ilkMoney,0.5154270919895946,0.8865956579951688,6.619778793123297,-4.946375547188575,0.5886341495976078,0.12448219602918854,0.06282603829183327,0.21622118607749108,0.6193532368894828,103.5563463794376,165685.4524641262,3.9249409640966904,rap,8.4
167,The Family,BROCKHAMPTON,0.5615810297278797,0.5523832710177419,4.9749850998100875,-9.538181313890744,0.6261314022561665,0.41021801585963974,0.047263589629632605,0.43523420179706174,0.5772521936939948,110.5338556559991,142023.4032448047,3.9058439815943817,rap,7.2
168,5 to the Eye With Stars,R.A.P. Ferreira,0.5769625764658368,0.676708848475075,4.5958413815793735,-9.243386571385994,0.5258956140988712,0.6426062573658099,0.10961673435496562,0.19176272916353196,0.5402649812565559,105.60080509913833,161999.75043033969,4.1204475964691625,rap,7.5
169,MEMPHIS MASSACRE III,Duke Deuce,0.7797356412027155,0.7032641633297344,3.5231698198102674,-5.621428947545546,0.9166496861916006,0.016243110905706272,0.0005998936526523194,0.3374158581348155,0.450295238521122,130.46072327834116,173119.7295568142,4.0,rap,7.7
170,Cold Cuts,Wiki,0.5121815238434011,0.7743966093771971,5.917112392832499,-5.989187580489113,0.5086539473304386,0.2765804553111407,1.5143366300308315e-07,0.3069761152776368,0.6567810572742603,115.39183439495935,254875.89028990513,4.042369050091116,rap,7.2
171,Luv 4 Rent,Smino,0.573926042381578,0.5615670392376021,4.264762959912675,-8.638674964213582,0.6705972900366688,0.4891707930531862,0.030048587100437285,0.2737041696897203,0.39073488734631445,120.21976818015439,225885.5629899798,3.919714885189325,rap,7.7
172,The Liz 2,Armani Caesar,0.5939185487804618,0.5963375915106256,3.5323721300755517,-9.792926332695039,0.8266754139145142,0.15836093617207084,0.002744112249901487,0.21843551095784491,0.4834742807483158,112.2365778453228,160899.87639073786,3.9594279640709633,rap,7.4
173,"Laughing so Hard, it Hurts",Mavi,0.6477579608550805,0.5758704773389784,5.265110962659634,-8.432153079452387,0.5502207974736257,0.42771782494968075,0.0012969521817002706,0.1776018229022071,0.6126277597515268,106.74916801473141,158951.6317488548,3.736523112159911,rap,8.2
174,Only Built for Infinity Links,Quavo,0.8111955643944043,0.570140881600271,4.757217750846872,-7.006672932707712,0.4591556921321173,0.13036306730857528,1.3296842672955455e-05,0.1915593246873743,0.4372939195129971,139.70205957096326,205257.6038078127,4.0,rap,7.0
175,Church,billy woods,0.5091508389287687,0.6492647075140261,5.412418364850572,-8.709074730550576,0.4936860935813241,0.26000643330450357,0.0012600929058248006,0.2500178153565481,0.36896231800625157,111.3236435855531,192192.35862442784,3.791004922891674,rap,7.8
176,Component System With the Auto Reverse,Open Mike Eagle,0.5525612630622043,0.6489044054049284,2.822697345195227,-8.189472953293796,0.5980812680929182,0.3927150864885617,0.0728444694507299,0.3111607524888794,0.5788099118301208,116.55218204785355,183180.33363517615,3.9402589493751323,rap,7.8
177,RUFFS,Kenny Mason,0.6884393684385008,0.6127189912266382,7.3322787455595915,-6.623084675696321,0.28759211348215963,0.18597530764889475,0.002193672570577432,0.20393994091533868,0.3252189185727402,141.73158008845476,181832.26803117266,3.9435893608860835,rap,7.6
178,3800 Degrees,YoungBoy Never Broke Again,0.7137355062016112,0.7433622334376835,4.72071086241902,-5.544538615214218,0.5296505675670746,0.08704472346724357,0.0,0.16554246468386646,0.63205295830382,138.42219590515722,160337.68436034655,4.075416008008884,rap,7.8
179,Enter the Wu-Tang (36 Chambers),Wu-Tang Clan,0.807151712914275,0.4999680598330268,7.754707385712691,-10.984638522034935,0.49691046784209814,0.30896556331995745,0.0014964104828849578,0.35017553412021835,0.5597547990388175,101.11149730387118,300326.611925244,3.888305181338018,rap,10.0
180,Wu-Tang Forever,Wu-Tang Clan,0.6579931230482985,0.6501076717052908,5.761028780005096,-8.274010468378734,0.6260059965750787,0.08121586577952514,0.00412120603861184,0.38388314516511324,0.5482790350965555,118.09923230343738,268968.765194385,3.9031957538085953,rap,8.3
181,Tical,Method Man,0.6743413680437084,0.5885546032202787,5.084529461873474,-10.55786664793969,0.36203965703749885,0.27221824750896956,0.09377783150435097,0.24986879735508102,0.504373755816972,129.76244578159628,207231.16478521453,4.0,rap,8.4
182,Ironman,Ghostface Killah,0.6692414129580597,0.6977085002396592,7.362236826589856,-7.977694411125465,0.4064472951480677,0.2802440917864545,0.0005339268029774198,0.35060985454517635,0.6317446472366379,109.44177853771724,249971.83152654624,4.0,rap,9.4
183,Kiss the Ring,Rome Streetz,0.5154792307341834,0.7191802778857695,6.423560129155458,-7.603120226051982,0.5250144749492753,0.27591296232455886,0.028242947868898364,0.30517846273877014,0.6198404945394272,100.843250019372,183750.55925317577,4.017493986369437,rap,7.3
184,I Got Issues,YG,0.7562568481291743,0.5888375886638993,5.172727842545177,-6.496322155177109,0.4715438076471618,0.11654500398856964,1.8117701679651922e-07,0.24096992241726842,0.4525102995520266,94.23496669227526,215321.52503414004,4.0,rap,5.8
185,Entergalactic,Kid Cudi,0.6027513079230208,0.5669681439096015,4.106414897480912,-8.38352556192147,0.4889036470296368,0.16559443315831218,0.09499074946330802,0.16500088673920338,0.3746657808139232,113.0180227952558,194978.2083434578,3.9205246191167142,rap,6.5
186,$oul $old $eparately,Freddie Gibbs,0.684403443688932,0.6795991691327892,3.560260229254733,-6.57809929840364,0.5636998795996173,0.3556121296083616,1.3182838708560757e-05,0.2726381820299454,0.539966294744031,93.33047008759047,189581.77352215652,3.914301178366009,rap,7.7
187,Spiderr,Bladee,0.582924797042371,0.5961685393258428,5.518726326473549,-9.410432145750665,0.6279676965628918,0.5056187014425763,0.12187386169828089,0.22776879760902358,0.5333876773242966,137.81022584179465,153518.85369435677,3.8920686158875992,rap,7.7
188,I Never Felt Nun,EST Gee,0.6417695699379931,0.692612272758203,6.117429865092637,-7.255235079226387,0.6894911602346351,0.06477009452789048,6.860706051531325e-05,0.19798621202550135,0.4793073654373875,135.67975085555344,161580.39689369217,3.8534957705581223,rap,7.3
189,Languish Arts,Ka,0.4077494782619415,0.6416240010660773,5.275871603419197,-7.68509791357611,0.5885346190446279,0.5507599593704742,0.02786181567544752,0.3552703979768011,0.49264325327381464,107.09600193666819,175410.11691100543,3.7075560585896428,rap,8.0
190,Legendary,Anti da Menace,0.7634935124227384,0.5962762514101702,5.310091257209743,-8.913983173646457,0.31393610053299575,0.08399228243303127,0.0,0.12508741519117406,0.4015206397361679,115.228918066244,185864.26823546443,4.2026030108346975,rap,5.5
191,Demons Protected by Angels,Nav,0.8013274991695946,0.5842076406241075,5.67838211161352,-6.330304166130879,0.5258721172325177,0.24560171938132958,6.33748764761834e-06,0.14755347189272788,0.42487645416688063,129.69682562824445,169542.93004236426,3.9473719141381443,rap,6.2
192,Lyfë,Yeat,0.7122044023871414,0.7083240047898595,5.654417963920285,-5.798338706835286,0.42701646270821775,0.13594070060457372,4.497182746770251e-05,0.25710009102680176,0.42623321553394283,139.52416048511932,174342.94517655304,4.0,rap,7.0
193,"As Above, So Below",Sampa the Great,0.6580854858817843,0.6054052386318279,6.751482509343921,-6.776163940816094,0.5224009701610857,0.4679374980606555,0.00041425498110812765,0.13198907905682183,0.4009399132618861,105.6199832223851,220029.0460231429,3.8942841512726987,rap,6.8
194,White Girl Wasted,Sonnyjim,0.5384673986584755,0.6570997082498898,4.432319313761663,-8.404447171394622,0.7301865335927021,0.2687109375610137,2.17535897217257e-05,0.27987757014633724,0.6407901487120679,90.30922818747555,171168.49154833163,4.127495834133567,rap,6.8
195,Good Movie,Pi’erre Bourne,0.6292935505264946,0.42348398361484346,5.640655885814141,-13.849148989690704,0.4011749856855266,0.23300284920841205,0.07471641859920052,0.22679413427887185,0.43089572373689766,122.83269723378197,216105.90945675975,3.9585841762967666,rap,6.1
196,Louie,Kenny Beats,0.6561153553178417,0.6389984543167823,4.524101704138463,-7.987976868260036,0.34830219671772,0.23985344462420766,0.32045897401028567,0.34312847121228107,0.624426640874992,126.11361523997212,122036.98496618628,4.038586552959842,rap,7.6
197,God Did,DJ Khaled,0.5947653379744353,0.6905206738185256,4.3723475965423715,-5.35292316827482,0.5377573790519178,0.06339992482883655,9.295636231486616e-07,0.27896682344568596,0.3590187520491093,121.035351943204,240345.14503773858,3.5471891830928124,rap,4.0
198,Black Vladimir,Meyhem Lauren,0.5670415224913494,0.6639142419073638,6.4053675193428665,-8.347077000845365,0.5936768073678929,0.357849690520645,0.0006747436656464576,0.3005955060578038,0.4290109832469203,106.60588636110717,213931.48761269104,4.0,rap,7.1
199,The Forever Story,JID,0.5823173896161401,0.5803446415163874,4.492486144277531,-8.386972215797986,0.5132351621195161,0.31235981994248946,3.0792759145826934e-06,0.19996920785546393,0.5357178020562501,104.62334492904435,276097.57932783966,4.0,rap,7.3
200,Dollar Menu 4,Mach-Hommy,0.5167685268934012,0.6432769277425443,5.106967737739817,-7.942571021499989,0.5902738745171477,0.484521553475242,0.0,0.32993084819411106,0.4788624283394528,125.15002744053976,177961.11121146224,4.0,rap,6.9
201,The Elephant Man’s Bones,Roc Marciano,0.5062166179241193,0.5436340455088099,6.377901013652292,-10.885002064441768,0.3755116215721464,0.3890300258120911,0.05436539443285658,0.3537684663308554,0.50887940620804,109.6186819301348,164631.77159671477,3.834511825651455,rap,8.2
202,Spaceships on the Blade,Larry June ,0.6482390600976397,0.6883924026545883,4.585081955559639,-7.183079479649014,0.6201960551194325,0.2620874425451219,0.03176716911571561,0.26096870487461976,0.4827735206697872,118.8247884878227,172451.07787446675,4.0,rap,7.2
203,Only Built 4 Diamond Links,Peezy,0.66926334896255,0.722911080977905,4.5573842088650744,-7.697745450060728,0.6719450634783954,0.1822602248356739,7.941626900688518e-06,0.1490439024281706,0.5379690349522939,114.59122241007796,155180.3363371181,4.15072991969882,rap,7.1
204,Drillmatic Heart vs. Mind,The Game,0.6768752627285407,0.7064136435076379,4.547939228360654,-6.125364680319268,0.4835147799602866,0.1987223294658342,3.1725160381682726e-05,0.24074419288392465,0.3992190451498458,105.87104012684237,265900.9373299543,4.018303508537318,rap,5.7
205,Beautiful Mind,Rod Wave,0.6073751887593819,0.6058759628253187,6.518625885369934,-8.180985683073546,0.859424210089253,0.30633047704710314,2.4879996848114748e-06,0.15746934725724995,0.3858112801630783,127.30376656923144,179519.30299326638,3.9587649488892045,rap,6.9
206,Traumazine,Megan Thee Stallion,0.8547302646706857,0.7046415678477318,4.739787296707297,-5.29185430277815,0.7375488468379082,0.09787185821672227,1.7555059245698168e-05,0.12586354311095282,0.5988121176361996,130.3857651914033,177326.02187340282,3.906768546631872,rap,7.1
207,EA Monster,Young Nudy,0.8068289732273005,0.5396911670928388,4.031226839127389,-7.532880415564976,0.9138083158440795,0.11353287781502053,0.005120172693243563,0.19790183971963046,0.42012841390960115,125.15487713865656,192156.6311307268,4.092786111864506,rap,7.5
208,"You Take the Credit, We’ll Take the Check",Jay Worthy,0.6322188934291301,0.638742176490537,5.938032085339924,-8.183884995930896,0.6913277886642488,0.4783496609380961,6.5949065547464385e-06,0.22983158776990176,0.7045015292351662,96.91433392992496,162348.62966702713,4.0,rap,7.1
209,Cheat Codes,Danger Mouse,0.5482343170816135,0.7873168254788282,5.099103224426111,-7.475753406286038,0.5095322086022964,0.13016008731189976,0.0025408336138898887,0.41118014526181396,0.6068189728349449,98.06137657442342,204762.8635128624,4.1371442164020085,rap,7.2
210,The Last Slimeto,YoungBoy Never Broke Again,0.6804642652920865,0.663005472883194,6.277282327897646,-6.865431553040075,0.32806223704385223,0.22396720329975417,1.0439666405668693e-05,0.19319926174563337,0.5569365015119526,125.2198182853717,167056.08120570297,4.034547795133016,rap,5.8
211,Trifecta 2,ShittyBoyz,0.6830399514246072,0.7345617618284492,5.893958151372325,-7.459928284849743,0.4134578143346369,0.034486617849533434,4.646218598884934e-06,0.2882985622785322,0.3723688731050918,113.22440794805685,167159.78822929753,4.1900123187056355,rap,7.2
212,Curtain Call 2,Eminem,0.7133930799713858,0.8058325815678015,5.302589763990307,-4.505176785608634,0.6158026121059489,0.14494842082589118,1.4189260344637123e-06,0.2517242324813186,0.5172165642039623,121.45207320725436,284394.9549747474,3.96755626967075,rap,6.2
213,La Rareza,Los Rarxs,0.7462867658650627,0.5889503105890835,6.80414567152615,-9.204006261282226,0.24714497475202643,0.2469581592034715,0.0009462195762322008,0.13136606591644628,0.552436865000686,136.77815443312448,194808.95107192916,4.0,rap,7.3
214,Survivor’s Guilt,Mozzy,0.6673683704746336,0.6862294211663351,4.437078165164074,-6.971598881322411,0.6513286864551162,0.211186283387727,2.7080510324450614e-06,0.1733905406657407,0.49579167275598696,91.11671260204376,174806.87411795306,4.251925355852125,rap,7.1
215,ISTHISFORREAL?,The Koreatown Oddity,0.5671649532353732,0.7362791828806796,5.844563670705278,-7.21076565480517,0.716892290763936,0.20698868462021397,0.013862797654473196,0.3545956873737516,0.5491740551698104,122.0898311533936,149935.53770552808,4.0,rap,7.1
216,Las Ruinas,Rico Nasty,0.6172389835627172,0.716266441734908,5.228443503889682,-6.836040650590501,0.5601539103102544,0.08377960329472837,0.05089835817583038,0.20537676664430704,0.38786649701558545,126.85989086221534,164851.5529529528,4.067267309159229,rap,7.1
217,Rich Off Pints 3,Icewear Vezzo,0.8086472660072757,0.5753193416938829,4.520787084926603,-8.445445709038923,0.6427908274154743,0.04844101164820605,1.28299538581341e-07,0.15994875407663967,0.3892441198061345,112.47687865363382,157494.2162856379,4.0,rap,7.3
218,RZA Presents: Bobby Digital and the Pit of Snakes,RZA,0.549956283329632,0.6403788472620857,6.502537057912388,-10.971745739851064,0.7655702266063582,0.18670963837437135,0.004784879477239569,0.22207232613774044,0.4536479637474805,127.91067906681248,235018.48202188758,4.0,rap,5.2
219,2000,Joey Bada$$,0.5125023111524447,0.7761118955671618,5.153050525900596,-5.70697761275847,0.4879004742651159,0.1942284251808502,4.318273204934576e-05,0.19548317641061896,0.5133844115035912,126.19127946672108,238812.09628331655,3.6959842151060402,rap,6.8
220,The Course of the Inevitable 2,Lloyd Banks,0.5340889197249438,0.7677540146449371,3.964207666827868,-6.311245352691404,0.4947522742622982,0.20611812317463338,0.004389254868558734,0.15282797310101465,0.43440704026038096,100.3938341636889,200755.09193918845,4.0,rap,6.5
221,Yesterday Is Heavy,Lil Silva,0.6046879437131927,0.5610983049133873,4.1535468806451465,-11.020895410063469,0.515420218230693,0.3547055497323039,0.3109970174028496,0.14506813438627636,0.31592007735756206,120.56936509297626,228762.22272079167,4.0,rap,7.3
222,Special,Lizzo,0.6871186134050988,0.6792577789138128,6.055504239736587,-5.530489989478025,0.40014164740945407,0.10904081994384186,1.4950802944262833e-06,0.22082829617254338,0.6537600196170795,116.00422974047531,179323.62577066253,3.7442961876625014,rap,6.4
223,Pain Is Love,Ja Rule,0.6787491080693803,0.6619948165891673,3.648057411202413,-5.7872047367927975,0.2853768429265256,0.24054198178818204,0.0,0.09088594422803527,0.6460895877690959,92.57070663993649,282375.7068779894,4.0,rap,7.0
224,Peace “Fly” God,Westside Gunn,0.35727794548301134,0.7364706161502674,4.54809275716192,-5.710164244038662,0.514389244241463,0.32079929127255646,0.0003169891582538015,0.4542741176124633,0.6636681256514986,103.8032835681432,258189.5079944189,3.9202788920570923,rap,7.2
225,"Love, Damini",Burna Boy,0.6660366102139683,0.5769569576424972,6.06599610387721,-8.387250343593893,0.6688248965375453,0.2782202016190018,0.033920490452138546,0.2476685527114341,0.6489055927231385,118.78043461038362,198163.4530218558,3.9952274280017424,rap,6.7
226,X,Ken Carson,0.6503682423831827,0.7009870404217889,4.390111498231289,-6.461496861763461,0.42502886083104646,0.041986257817882185,6.732298301670412e-05,0.23990239178617115,0.42232819934391624,126.63586840604047,154493.18259303094,3.9800417784991398,rap,4.7
227,Drill Music in Zion,Lupe Fiasco,0.6283989046175684,0.6398087195143788,1.9433454174304012,-7.943022667042158,0.4940245577936729,0.4782004294276793,0.007193536757576843,0.18266577035711848,0.3587512888527867,120.00948999806286,267805.66889302724,4.0,rap,6.8
228,Game Time,Shaudy Kash,0.6751962615499092,0.5028462508947175,5.3487773433102745,-11.968078844170124,0.4714727598787078,0.03709782810237764,1.8618435817869146e-05,0.186372194056173,0.4603449492621721,122.31609299752134,119883.01139432917,4.261927265750391,rap,6.9
229,Medallions Monarchy,Planet Asia,0.5125347822428002,0.8123898649666181,5.5193093602081165,-6.452274628163599,0.5561069164375755,0.43953283484469535,0.006655621952299819,0.29793071669860655,0.49639836693173334,106.0400367813156,153936.04989709353,4.0,rap,7.0
230,Faith Like Esther,Duwap Kaine,0.5706694892631657,0.5495963317971843,4.599481351342217,-9.376801596022432,0.6736145169200588,0.3826117189488518,0.0014272423137013884,0.21166472113063886,0.2939263376810425,125.39025921396346,143393.1362978874,3.9423564680019507,rap,7.2
231,Azli,Ahmer,0.718,0.593,6.0,-9.129,1.0,0.195,9.06e-05,0.135,0.372,90.187,140083.0,4.0,rap,7.6
232,Space Age Pimpin’,Juicy J,0.90357450347836,0.683040763433562,3.839174119854106,-5.850896198758662,0.7353066725434112,0.05369597563527639,1.1756656802131184e-06,0.1723689899561374,0.5232132830013622,134.73531804608123,198522.49337708793,4.0,rap,5.9
233,More Black Superheroes,Westside Boogie,0.6485018701169482,0.5666505123648129,4.62468923221972,-7.795887220815043,0.6207605247213043,0.23938925637492842,0.00026927977699839367,0.19485372613211235,0.41491921364674833,107.98758188773182,189689.93561804722,4.082312584593835,rap,7.3
234,"Honestly, Nevermind",Drake,0.666548866573367,0.560668337264525,3.278697593450918,-9.721493939218997,0.588688128139508,0.30842089637989906,0.05031343162205431,0.10831959151344749,0.3547282361277995,122.90264640210317,253040.15911302672,3.881411130749447,rap,6.6
235,Vinyl Days,Logic,0.5776222095567527,0.862592791906904,5.314377047266852,-4.041922014649538,0.5201695155481117,0.3472590380115388,0.005785087217884777,0.31799737780781256,0.6306739461207536,108.64772720956601,224588.35030356984,3.9233219822730776,rap,6.4
236,Saturn Child,Lil Tracy,0.6244459130880671,0.6799480178187994,4.869410549988922,-6.884279372524102,0.36819689857023224,0.18679042461078854,4.425824537495698e-05,0.14878452796484173,0.3673992279170481,136.22981632758277,145385.86771756897,4.0,rap,7.5
237,Trapnificent,Trapland Pat,0.8111880142857666,0.6576831955812091,4.945982767885538,-8.196587342035905,0.6210777199799677,0.15126898223052432,1.1893967590172505e-06,0.16432027321345669,0.6164469653712726,109.03627405788147,154837.58448451705,4.044973844764749,rap,7.0
238,Reflexions,Tony Shhnow,0.648223421135088,0.5813790381429247,5.846884242788617,-8.821866781597638,0.7143513374702364,0.19107585023120402,2.2324795425235556e-06,0.18570231458514913,0.4548189336536491,112.13164381314928,139296.29791751588,4.013696589746083,rap,7.5
239,I Don’t Tap In or Tap Out,Big Sad 1900,0.6973805616245624,0.5510528251693854,5.514584663846379,-9.527250140454159,0.37850931319116654,0.18028488007375643,0.00016771075202758184,0.2124372398957038,0.49682131205792956,110.51653978814231,166962.03176328793,4.151475368902249,rap,6.8
240,Twelve Carat Toothache,Post Malone,0.5566608921092765,0.5602563651035969,5.283163939731769,-7.254275594429734,0.6951900324138194,0.2653175707298939,0.0018418349129083042,0.19395876329522665,0.33059816607743525,113.83126426787214,194644.27769095695,3.964319785052084,rap,6.6
241,East Haiti Baby,Big Moochie Grape,0.8631554651387777,0.6569432884220122,6.391877683840025,-6.146398729594842,0.6482306540017888,0.1024021530488171,1.3483321084536843e-06,0.1444266679314196,0.42977343825746145,136.76148907996358,162179.45330732196,4.0,rap,6.8
242,You Can’t Kill Me,070 Shake,0.5045623081366758,0.5066190246573996,4.890953770018408,-8.24311737346484,0.4846345653735167,0.1702129509198186,0.0022204419167644813,0.17210533800341424,0.18114813829914214,114.07910889584255,220778.14578031978,4.121885087637335,rap,7.0
243,Nothing to Declare,700 Bliss,0.5973832382266532,0.5029942624382596,6.055161435579818,-13.951726605380571,0.5130292201778894,0.213196690190977,0.15445509887061365,0.24799003052015936,0.3167831879302732,107.00216220845874,156074.62785155457,3.970805277521029,rap,8.3
244,Universal Credit,Jeshi,0.7142210289566882,0.6085503647964975,6.669599673498522,-8.161519977897546,0.6797644171692427,0.4952109032147498,0.0030223314208423844,0.1991223539555177,0.5165670578029524,121.68141956897563,186625.73436330887,3.9855357901627295,rap,7.6
245,Hitgirl,Dreezy,0.735413806191296,0.6874565424596657,3.19498549891431,-5.043012821735644,0.5240775908398132,0.18970004229620369,0.0,0.1621585832021581,0.4506970539345665,123.22397201280597,155119.14056416426,4.011445628986648,rap,7.3
246,Wegahta Tapes Vol. 1,Sideshow ,0.5511360331125501,0.5372528170857597,7.097929971698253,-10.90636624535096,0.18499068956490386,0.3856053511540494,0.0522270901411136,0.21877892927526782,0.5436271815312579,139.16867540316406,115743.83948809894,3.9035182084450835,rap,7.4
247,"Finally, New",They Hate Change,0.6787294590826166,0.7678778078197052,5.663429672209791,-6.641951102109771,0.5911409976743767,0.026156576600685336,0.09947660406805119,0.24851732046333067,0.5341560524467853,135.25495129558192,188180.7911591137,4.0,rap,8.0
248,Entitled,Hodgy,0.614925566481055,0.5127317546189681,6.085617940563658,-7.301465465877106,1.0,0.4376722604005476,0.0,0.1861799945575579,0.5229648830484174,92.25792165523349,202745.87600573487,3.8571430021972843,rap,5.3
249,Killing Nothing,Boldy James,0.6060711665019557,0.7133536941970523,4.751319153725224,-6.290366113370433,0.6826610270231616,0.3130389606283951,0.01218591002543545,0.17423637265257458,0.44592266826414884,103.0885805737884,199016.82586115738,4.0,rap,7.3
250,Shape Up,Leikeli47,0.7256541966904851,0.5250785197442648,5.039331703647988,-8.791776815720194,0.805485896953742,0.23326804245957122,0.019261747299924782,0.1934270358029334,0.43411834674689737,117.707064009402,195424.92150959006,4.0,rap,8.0
251,Deathfame,Quelle Chris,0.44747836820484027,0.764843015289891,5.319496427356244,-6.397522993993386,0.7606834892125891,0.4394570910338295,0.15888472858951938,0.32207844864242713,0.40615507787080984,123.56682434829078,220522.88175357116,3.87915423808017,rap,7.8
252,Mr. Morale & the Big Steppers,Kendrick Lamar,0.6279868295440284,0.5855353796489641,5.07750430504227,-9.10214041368615,0.39539281645737717,0.46786394838986023,0.0008078206594941711,0.15412325012755873,0.5203990450922095,122.75598924527748,267837.7082761144,3.8930523167656133,rap,7.6
253,Un Verano Sin Ti,Bad Bunny,0.7552258410468704,0.6610583019813401,5.151552043290693,-6.0703954498835415,0.47251541434822775,0.27248357324556605,0.00025786028926095227,0.21541612617438893,0.4758783789039316,117.00304653574473,221824.6333033405,4.000483387770452,rap,8.4
254,Pop It Don’t Stop It,Johnny Cinco,0.7745641399058106,0.4952730546302526,4.3180252666969325,-9.64056240963482,0.4255181240872319,0.0975943180061225,0.005815983077895014,0.13208937797760673,0.4745237752726225,136.74462750492734,161986.35744408527,4.0,rap,7.0
255,Come Home the Kids Miss You,Jack Harlow,0.7776480679887523,0.5379829846943963,5.311647159524729,-7.493741185735968,0.5377755757395367,0.19341608993313159,0.01061429477229795,0.16451088744400671,0.47064616306134255,110.29989288406823,196828.5827787463,4.082321186586382,rap,2.9
256,Cocodrillo Turbo,Action Bronson,0.4349832174385591,0.7487925428089788,4.0795925383728155,-7.271314386478572,0.2816814169106557,0.1799907459963623,0.0009768934263874101,0.5646902326767811,0.4954278252816964,122.06278653236183,194941.05003548932,3.8533554032472717,rap,7.7
257,I Never Liked You,Future,0.7459268915651771,0.5962216273774975,5.608757386815313,-6.190320528265898,0.4493588401656672,0.08796471196619612,2.7267006470432898e-05,0.16578612489618438,0.3238953801875317,121.80717181776883,191271.390823588,4.060554098374114,rap,6.0
258,Noughty By Nature,Digga D,0.7513082858837004,0.6329298471799246,4.828549997661246,-8.962542951429258,0.5605786329744162,0.3228600332019056,0.0025345750316992212,0.17470258290883312,0.5925536993348135,129.92816282826234,162325.53475514645,4.054338080770764,rap,7.2
259,When Disaster Strikes…,Busta Rhymes,0.7649804668372207,0.6598622609015837,6.265323969484387,-7.844198974886116,0.4499043031002727,0.10930659351715832,1.0085772984196268e-05,0.185427063824782,0.6945325166175077,99.73571712098722,224474.88874918973,4.0,rap,7.5
260,Learn 2 Swim,Redveil,0.4653347271064781,0.8188287677405667,6.079600906484519,-6.400248540668824,0.5916853327124878,0.23382629462248897,5.147063369426238e-05,0.27141890995612145,0.5078733982091861,107.93363914011644,184112.07206627025,4.1702977054375925,rap,8.0
261,Stardust,Yung Lean,0.5435207358010145,0.52978404866937,5.781295560688479,-9.461788739133452,0.49171393563664406,0.39093742533441667,0.037865431655148864,0.1740521445070111,0.40746216856211637,130.60538354617663,188322.80842979456,3.873122923089336,rap,7.5
262,Ramona Park Broke My Heart,Vince Staples,0.7179045133961183,0.5938432519548738,4.702881116632172,-8.601642363983139,0.6000935561952352,0.32784520063621464,0.017212321103215952,0.26975687895883,0.4659054700731841,104.82070017838211,174807.50751718343,3.9988845535229554,rap,8.0
263,Last Ones Left,42 Dugg,0.6938432811563561,0.669379710216628,4.729863171594685,-6.467355144984991,0.7441930708731127,0.03274846337608434,5.5323575366286894e-05,0.1995683547478966,0.474476563323877,120.94834140529356,140733.83305146568,4.059633559044436,rap,7.0
264,B.I.B.L.E.,Fivio Foreign,0.6501745670521755,0.6350838386781741,4.645857771344168,-7.019592358258998,0.21368526445884803,0.208928007994329,1.7542529512797766e-07,0.20928022171751667,0.45371018421249676,131.23107953261828,197223.50224832402,3.80267030815312,rap,5.2
265,The Line Is a Curve,Kae Tempest,0.700642641252866,0.3931529307543457,6.963992497292627,-11.715255880324841,0.5351012100973318,0.45027273692203434,0.0013880969820790098,0.11874964115711523,0.23529684998370756,107.47318820082732,237942.9709659773,3.9232260305645514,rap,7.0
266,Trendsetter,Coi Leray,0.7370942758533359,0.5231130745020861,5.654908305226265,-8.2097268870208,0.6255047070819257,0.25589990980566224,0.00022842833815011745,0.11116870357717122,0.5418434709931105,126.92670244871147,163244.0604065621,3.9430823637109507,rap,6.1
267,Aethiopes,billy woods,0.46933568075317117,0.657847215899373,5.928517151680024,-8.903546771971536,0.3333083728517322,0.3926875170929662,0.0008020393518542942,0.27974898037850865,0.4274969132251695,107.61912276770329,187403.08004230802,4.072484813106976,rap,8.0
268,777,Latto,0.8032224994159675,0.6302808180408029,5.881199929662721,-6.12517822848366,0.691394173053018,0.105873373871525,0.0,0.190130016028589,0.5989161185375723,124.47179121736701,158098.23701585477,4.037263555508934,rap,6.5
269,I Know NIGO!,Nigo,0.7129586081790007,0.6393108488622723,6.44486974791837,-6.200746644829717,0.4836062867247574,0.11848786562453487,0.0001793992084444781,0.22538277419331895,0.4303913932687809,127.1089335285383,182841.20313035775,3.895360952264356,rap,7.1
270,Melt My Eyez See Your Future,Denzel Curry,0.5911068898496804,0.695256042603374,6.136344739997912,-7.786237465413531,0.4409852749525168,0.27880731014375354,0.0005349626368417966,0.2742020200969473,0.39612313096583174,117.53458223713454,209865.29357360254,4.0,rap,7.3
271,Forever,Phife Dawg,0.601410424540845,0.6617400181398465,6.022371221375508,-8.21214816688031,0.605804625252688,0.3000585794440819,7.934318774678182e-06,0.3678728412468335,0.5652415465898628,91.1632244597211,268077.62312036124,4.0,rap,7.0
272,Crest,Bladee,0.49709106934667513,0.5604483100394624,3.80675056702304,-8.571574514862313,0.8508122746602446,0.40883978641323276,0.038205414968620954,0.15558004132824135,0.28365045658431576,123.52590913826519,272405.1338692056,4.0,rap,8.0
273,In Dimes We Trust,Mike Dimes,0.7848274151231418,0.6840124157136566,4.998272054075712,-5.299685180504399,0.6479565425187281,0.17993736512253458,0.000295118229250024,0.2044298746452772,0.6327290060916854,137.11544915335617,155003.6822676655,4.0,rap,6.8
274,Eat Your Food,witSmusic,0.668820763113462,0.7001135109204588,5.417486503848548,-8.592721025124524,0.47206242514862007,0.3439433485335654,0.017815259443658183,0.2056081276175427,0.5981000655721685,111.67158044750092,197384.51746212944,3.9884485269581567,rap,6.9
275,GrindHard E vs YSR Gramz,GrindHard E ,0.6816961994564145,0.7260427883812387,5.596440881276667,-6.29928664267602,0.9207549461728844,0.17756472463900147,3.929565587087566e-06,0.16272910308386096,0.3762188463232057,120.98959428475989,132997.96729376394,4.365644786589532,rap,6.8
276,Frank,Fly Anakin,0.5257798537879895,0.6823478090541079,5.07915457163074,-9.351248080593178,0.41057800641993153,0.3293288353754801,0.04539552972838283,0.35913705369480114,0.510420830027128,114.18552571595164,158210.6369202897,3.9548674213419557,rap,7.5
277,Tana Talk 4,Benny the Butcher,0.6051324015858165,0.6599416763792364,5.977599085720689,-9.09911062606627,0.5405474552243326,0.4164319335697309,0.00032709951090259125,0.15104171770143127,0.5390235153363845,101.10818033821579,207457.98206830974,4.0,rap,7.0
278,7220,Lil Durk,0.6584667945902156,0.5905264928963314,6.142436376982827,-8.132304521898833,0.5779623233587572,0.041969912279637124,5.561497546324459e-07,0.18282781624339053,0.3803422350966263,124.6561133011733,165391.28636864794,3.8575256042066353,rap,6.3
279,Zhigeist,Elzhi,0.7170184744578534,0.7232709151337112,7.152753509102853,-6.896466811121083,0.44264247168679816,0.3904244862493651,0.02865253031658761,0.24433794802092457,0.6292777183828914,94.5445175295117,222907.27316775097,4.0,rap,7.2
280,Below the Heavens,Blu & Exile,0.5926871255309831,0.756711930549056,5.114992489325222,-6.068572463481286,0.7944244638560676,0.19219101779413636,3.7536841889022394e-07,0.31051017889335036,0.7009230313664618,97.9959144176396,279062.2844701893,3.827293060617509,rap,8.7
281,"Trap Cake, Vol. 2",Rauw Alejandro,0.7204155122488444,0.5861110421823874,6.739372750826979,-5.711484718568337,0.12716503129673848,0.2828246513346172,0.008672443570262823,0.1486005636499784,0.32767826345421197,126.0314129058469,227854.55612004086,4.0,rap,7.2
282,Growthfully Developed,Chris Crack,0.6222477619875948,0.7507683229242221,5.306112384167881,-5.349972951287928,0.5576117027080806,0.21523993776998965,5.8593031511899345e-05,0.2942409954234144,0.5883979949890773,116.33446440362106,114006.91424304472,3.899528541076942,rap,7.2
283,Ghetto Gods,EarthGang,0.7177306851767907,0.6431099689856296,3.423053491458631,-6.6674036174839815,0.4873839475955847,0.28033482356765227,1.3641531121565897e-06,0.18989249943258726,0.5361898119710566,118.38642350207759,247659.62945026037,3.99768005215796,rap,6.5
284,There In Spirit,Homeboy Sandman,0.6186037206480226,0.7496895698832345,5.902449891689559,-6.699244488865199,0.8722628708463573,0.2146304662785384,0.00027094746658495547,0.23127450024749072,0.6250615578911513,89.67629246784333,196888.96061134382,4.0,rap,6.8
285,Continuance,Curren$y,0.487848662108937,0.5093660885181545,5.973640176842641,-11.862340230190377,0.47939227110778065,0.7517792176583231,0.048185687623680355,0.447729145410118,0.498742575180998,95.0751422176934,185824.99547987865,4.139779066632256,rap,7.2
286,God Don’t Make Mistakes,Conway the Machine,0.5933294242243581,0.7117688269764872,3.690810979988104,-6.699492592392557,0.5111643819965642,0.187322965106416,0.00017306927420611266,0.1281491186761308,0.5314843234032064,118.2190217762055,248752.66367537258,3.9276411499586965,rap,7.5
287,Chain of Command,WiFiGawd,0.6747554826670445,0.6675964730059424,4.035696473343389,-9.53484809426914,0.37884613437806863,0.3447033756154186,0.15083109670863828,0.23342450646716814,0.5880689201364634,131.1599770880365,140176.2494616036,4.0,rap,7.7
288,Digital Roses Don’t Die,Big K.R.I.T.,0.6038969172593945,0.5591186162965832,5.288495475167652,-8.087852796912133,0.5683764373041982,0.4145515600822625,0.03651041285474829,0.21744197841945728,0.43541002290571756,110.39121635101007,149415.98616147588,4.0060675830414425,rap,6.2
289,2 Alivë,Yeat,0.735979135304662,0.5739081981055976,5.0695817755356956,-7.79636309876725,0.6224063367246395,0.032340339775804756,0.002095303894867204,0.1421036142589066,0.2755903153951972,122.26626213433742,191228.90155552,4.0,rap,6.6
290,CM10: Free Game,Yo Gotti,0.8046359445622692,0.6089167224194394,6.043732750678081,-7.293076995699367,0.7533578335316995,0.038193488677620055,3.734114285773374e-06,0.1400303899833207,0.49516140918881524,103.37797436837364,182450.5714805696,4.077381918729519,rap,6.8
291,Just for You,Cousin Stizz,0.7017957174791352,0.5629635491186575,3.417300831818892,-7.81866113403051,0.805938742867525,0.0863417063526825,6.541506970138968e-05,0.15354707519277555,0.38936993790673824,115.3476251225342,171977.87494258562,4.0,rap,7.0
292,Disrespectful,Bad Boy Chiller Crew,0.7571409687425129,0.8626950450790949,4.896625890275292,-4.6190776812036125,0.38833234894307234,0.13563373398657558,4.989789485687051e-06,0.26407129213713476,0.7222606801004975,132.70844749473747,203772.92107987398,4.0,rap,8.0
293,DFTK,Yung Kayo,0.644401496915189,0.8030094643517158,6.8388349744590915,-4.060569231498242,0.4578304917690988,0.13907833698740485,0.0,0.24388596126690484,0.34405378422434296,128.53253011268325,144766.60663115897,4.0,rap,8.2
294,JP5000,Junglepussy,0.5375215544931012,0.7253677936135258,5.399944855971757,-7.377507990199144,0.6368140395558916,0.18657469429174034,0.04287395694900031,0.3114275481373257,0.2939143988448179,127.09606196028494,147890.7499815239,4.044294298562276,rap,8.0
295,Candid,Ivy Sole  ,0.6527882900624342,0.5135736274399327,5.025940436855334,-9.174415759344402,0.6286642696860458,0.38566277384984243,0.027389632255823755,0.1968919426014571,0.4220147940783973,123.91890102545018,221588.83958757343,4.0,rap,7.5
296,Few Good Things,Saba,0.6929299456064779,0.5767152944007409,5.9014809923460145,-9.219950919919249,0.5906495744910051,0.20678540811579887,0.0008373650578175998,0.2529878995398655,0.3657260342533692,118.59466192285575,234775.34790309335,4.149973908457158,rap,7.5
297,Dope Don’t Sell Itself,2 Chainz,0.751878269404063,0.6238818273508009,3.063193596207586,-5.890645278390271,0.35115547556898746,0.1765554764900725,9.437575816810518e-06,0.2713915624006955,0.54608123713999,124.76991119717002,173908.64153724996,3.927187205924419,rap,6.4
298,Colors,YoungBoy Never Broke Again,0.6389509665197013,0.6210575866759749,5.45372726084813,-7.657840806804866,0.43382654965663836,0.19484082965919972,0.0,0.2063206076858242,0.513248072869406,121.61741062887944,216130.54433923122,4.0,rap,6.6
299,FACE,Babyface Ray,0.6738477251058048,0.6578216301764608,5.440136644256417,-5.17896552102462,0.5261653363250781,0.23729189087810604,2.0899487252880854e-06,0.2614847924376279,0.42735418771797007,130.64454542056578,185034.1123266354,3.790860741902405,rap,7.1
